tier,model,context,verified_trial_pairs,bf16_completed,fp8_rounded_completed,trials_requested_per_case,backend,successful_trial_pairs,bf16_generation_s_mean,bf16_generation_s_stddev,bf16_ttft_s_mean,bf16_ttft_s_stddev,bf16_ttft_measured_trials,bf16_field_accuracy_mean,bf16_reasoning_accuracy_mean,bf16_answer_pass_rate,bf16_mlx_peak_bytes_mean,bf16_mlx_peak_bytes_maximum,bf16_mlx_peak_extra_bytes_mean,bf16_engine_rss_bytes_after_mean,bf16_mlx_peak_bytes_measured_trials,bf16_engine_rss_bytes_after_measured_trials,bf16_cuda_peak_allocated_bytes_mean,bf16_cuda_peak_allocated_bytes_maximum,bf16_cuda_peak_extra_bytes_mean,bf16_cuda_peak_allocated_bytes_measured_trials,bf16_cuda_peak_reserved_bytes_mean,bf16_cuda_reserved_bytes_after_mean,bf16_cuda_device_used_bytes_after_mean,fp8_rounded_generation_s_mean,fp8_rounded_generation_s_stddev,fp8_rounded_ttft_s_mean,fp8_rounded_ttft_s_stddev,fp8_rounded_ttft_measured_trials,fp8_rounded_field_accuracy_mean,fp8_rounded_reasoning_accuracy_mean,fp8_rounded_answer_pass_rate,fp8_rounded_mlx_peak_bytes_mean,fp8_rounded_mlx_peak_bytes_maximum,fp8_rounded_mlx_peak_extra_bytes_mean,fp8_rounded_engine_rss_bytes_after_mean,fp8_rounded_mlx_peak_bytes_measured_trials,fp8_rounded_engine_rss_bytes_after_measured_trials,fp8_rounded_cuda_peak_allocated_bytes_mean,fp8_rounded_cuda_peak_allocated_bytes_maximum,fp8_rounded_cuda_peak_extra_bytes_mean,fp8_rounded_cuda_peak_allocated_bytes_measured_trials,fp8_rounded_cuda_peak_reserved_bytes_mean,fp8_rounded_cuda_reserved_bytes_after_mean,fp8_rounded_cuda_device_used_bytes_after_mean,speedup_vs_bf16_activations
Lightweight,models/7b50efe10ce32606/BF16,Short,1,1,1,1,metal,1,0.30920854199212044,,0.1413707733154297,,1,0.3333333333333333,0.0,0.0,1549082212,1549082212,396679704,1842675712,1,1,,,,0,,,,0.6726168339373544,,0.5004880428314209,,1,0.3333333333333333,0.0,0.0,1557681804,1557681804,405279296,1817231360,1,1,,,,0,,,,0.45970978778821237
Lightweight,models/7b50efe10ce32606/BF16,Medium,1,1,1,1,metal,1,0.9659390830202028,,0.4744298458099365,,1,0.0,0.0,0.0,1706057436,1706057436,553654928,1762263040,1,1,,,,0,,,,1.8182264580391347,,1.0130679607391357,,1,0.0,0.0,0.0,1715494624,1715494624,563092116,1557725184,1,1,,,,0,,,,0.5312534523680396
Lightweight,models/7b50efe10ce32606/BF16,Long,1,1,1,1,metal,1,3.434971082955599,,2.959794044494629,,1,0.0,0.0,0.0,1706866416,1706866416,554463908,1395113984,1,1,,,,0,,,,5.691700500086881,,5.116683006286621,,1,0.0,0.0,0.0,1715494908,1715494908,563092400,1304313856,1,1,,,,0,,,,0.6035052411670582
Medium,models/7ec86880db931fb2/BF16,Short,1,1,1,1,metal,1,0.6696298340102658,,0.35828089714050293,,1,0.6666666666666666,0.5,0.0,2676513448,2676513448,364383836,2521432064,1,1,,,,0,,,,1.1972316250903532,,0.8801510334014893,,1,0.6666666666666666,0.5,0.0,2706922132,2706922132,394792520,2650046464,1,1,,,,0,,,,0.5593151901243253
Medium,models/7ec86880db931fb2/BF16,Medium,1,1,1,1,metal,1,1.8630532079841942,,1.2381477355957031,,1,0.0,0.0,0.0,2757814024,2757814024,445684412,2212069376,1,1,,,,0,,,,4.588382499990985,,3.902985095977783,,1,0.0,0.0,0.0,2803951432,2803951432,491821820,2362785792,1,1,,,,0,,,,0.4060370311297837
Medium,models/7ec86880db931fb2/BF16,Long,1,1,1,1,metal,1,6.921058584004641,,6.162530899047852,,1,0.0,0.0,0.0,2757814024,2757814024,445684412,2119368704,1,1,,,,0,,,,18.000202791998163,,17.120436906814575,,1,0.25,0.0,0.0,2803952136,2803952136,491822524,2359984128,1,1,,,,0,,,,0.38449892281665504
Complex,models/e15b00bc84c6b5ee/BF16,Short,1,1,1,1,metal,1,2.5092075830325484,,0.8531248569488525,,1,0.0,0.0,0.0,5170302792,5170302792,348655356,4635656192,1,1,,,,0,,,,3.7912677919957787,,2.161212921142578,,1,0.0,0.0,0.0,5199138652,5199138652,377491216,4423041024,1,1,,,,0,,,,0.6618386568023634
Complex,models/e15b00bc84c6b5ee/BF16,Medium,1,1,1,1,metal,1,4.815186624997295,,3.1320838928222656,,1,0.0,0.0,0.0,5328904052,5328904052,507256616,4625924096,1,1,,,,0,,,,9.834385124966502,,8.468461036682129,,1,0.5,0.3333333333333333,0.0,5363769328,5363769328,542121892,4407394304,1,1,,,,0,,,,0.4896276242805467
Complex,models/e15b00bc84c6b5ee/BF16,Long,1,1,1,1,metal,1,17.911183124990202,,16.004053115844727,,1,0.75,0.6666666666666666,0.0,5331903096,5331903096,510255660,4616732672,1,1,,,,0,,,,42.8205470420653,,40.93788814544678,,1,0.5,0.3333333333333333,0.0,5363769864,5363769864,542122428,4395155456,1,1,,,,0,,,,0.41828478060765845
