tier,model,precision,context,trials_requested,trials_attempted,trials_successful,trials_failed,trials_missing,trials_skipped,status,input_tokens,weight_payload_bytes,task_id,expected,generation_s_mean,generation_s_stddev,generation_s_median,generation_s_minimum,generation_s_maximum,end_to_end_tokens_per_s_mean,end_to_end_tokens_per_s_stddev,end_to_end_tokens_per_s_median,end_to_end_tokens_per_s_minimum,end_to_end_tokens_per_s_maximum,ttft_s_mean,ttft_s_stddev,ttft_s_median,ttft_s_minimum,ttft_s_maximum,output_tokens_mean,output_tokens_stddev,output_tokens_median,output_tokens_minimum,output_tokens_maximum,field_accuracy_mean,field_accuracy_stddev,field_accuracy_median,field_accuracy_minimum,field_accuracy_maximum,reasoning_accuracy_mean,reasoning_accuracy_stddev,reasoning_accuracy_median,reasoning_accuracy_minimum,reasoning_accuracy_maximum,text_similarity_fp32_mean,text_similarity_fp32_stddev,text_similarity_fp32_median,text_similarity_fp32_minimum,text_similarity_fp32_maximum,mlx_active_bytes_before_mean,mlx_active_bytes_before_stddev,mlx_active_bytes_before_median,mlx_active_bytes_before_minimum,mlx_active_bytes_before_maximum,mlx_active_bytes_after_mean,mlx_active_bytes_after_stddev,mlx_active_bytes_after_median,mlx_active_bytes_after_minimum,mlx_active_bytes_after_maximum,mlx_peak_bytes_mean,mlx_peak_bytes_stddev,mlx_peak_bytes_median,mlx_peak_bytes_minimum,mlx_peak_bytes_maximum,mlx_peak_extra_bytes_mean,mlx_peak_extra_bytes_stddev,mlx_peak_extra_bytes_median,mlx_peak_extra_bytes_minimum,mlx_peak_extra_bytes_maximum,mlx_cache_bytes_after_mean,mlx_cache_bytes_after_stddev,mlx_cache_bytes_after_median,mlx_cache_bytes_after_minimum,mlx_cache_bytes_after_maximum,engine_rss_bytes_after_mean,engine_rss_bytes_after_stddev,engine_rss_bytes_after_median,engine_rss_bytes_after_minimum,engine_rss_bytes_after_maximum,cuda_allocated_bytes_before_mean,cuda_allocated_bytes_before_stddev,cuda_allocated_bytes_before_median,cuda_allocated_bytes_before_minimum,cuda_allocated_bytes_before_maximum,cuda_allocated_bytes_after_mean,cuda_allocated_bytes_after_stddev,cuda_allocated_bytes_after_median,cuda_allocated_bytes_after_minimum,cuda_allocated_bytes_after_maximum,cuda_reserved_bytes_after_mean,cuda_reserved_bytes_after_stddev,cuda_reserved_bytes_after_median,cuda_reserved_bytes_after_minimum,cuda_reserved_bytes_after_maximum,cuda_peak_allocated_bytes_mean,cuda_peak_allocated_bytes_stddev,cuda_peak_allocated_bytes_median,cuda_peak_allocated_bytes_minimum,cuda_peak_allocated_bytes_maximum,cuda_peak_extra_bytes_mean,cuda_peak_extra_bytes_stddev,cuda_peak_extra_bytes_median,cuda_peak_extra_bytes_minimum,cuda_peak_extra_bytes_maximum,cuda_peak_reserved_bytes_mean,cuda_peak_reserved_bytes_stddev,cuda_peak_reserved_bytes_median,cuda_peak_reserved_bytes_minimum,cuda_peak_reserved_bytes_maximum,cuda_device_used_bytes_after_mean,cuda_device_used_bytes_after_stddev,cuda_device_used_bytes_after_median,cuda_device_used_bytes_after_minimum,cuda_device_used_bytes_after_maximum,mlx_active_bytes_before_measured_trials,mlx_active_bytes_after_measured_trials,mlx_peak_bytes_measured_trials,mlx_peak_extra_bytes_measured_trials,mlx_cache_bytes_after_measured_trials,engine_rss_bytes_after_measured_trials,cuda_allocated_bytes_before_measured_trials,cuda_allocated_bytes_after_measured_trials,cuda_reserved_bytes_after_measured_trials,cuda_peak_allocated_bytes_measured_trials,cuda_peak_extra_bytes_measured_trials,cuda_peak_reserved_bytes_measured_trials,cuda_device_used_bytes_after_measured_trials,ttft_measured_trials,ttft_missing_trials,answers_all_fields_correct,answer_pass_rate,json_valid_rate,item_correct_rate,available_units_correct_rate,fulfillable_correct_rate,unique_outputs,output_consistency_rate,output_exact_match_fp32_rate,answer_agreement_fp32_rate,weighted_end_to_end_tokens_per_s,speedup_vs_fp32_mean,vendor_correct_rate,landed_cost_correct_rate,eligible_vendors_correct_rate,delivery_days_correct_rate,destination_correct_rate,shortfall_units_correct_rate,action_correct_rate
Lightweight,models/7b50efe10ce32606/BF16,FP32,Short,1,1,1,0,0,0,complete,256,2384199680,stock-availability,"{""item"": ""MONITOR"", ""available_units"": 68, ""fulfillable"": true}",0.6318095830501989,,0.6318095830501989,0.6318095830501989,0.6318095830501989,39.568883838872836,,39.568883838872836,39.568883838872836,39.568883838872836,0.21483898162841797,,0.21483898162841797,0.21483898162841797,0.21483898162841797,25,,25,25,25,0.3333333333333333,,0.3333333333333333,0.3333333333333333,0.3333333333333333,0.0,,0.0,0.0,0.0,1.0,,1.0,1.0,1.0,3393455180,,3393455180,3393455180,3393455180,3393455180,,3393455180,3393455180,3393455180,3966607820,,3966607820,3966607820,3966607820,573152640,,573152640,573152640,573152640,1106364624,,1106364624,1106364624,1106364624,3227566080,,3227566080,3227566080,3227566080,,,,,,,,,,,,,,,,,,,,,,,,,,,,,,,,,,,,1,1,1,1,1,1,0,0,0,0,0,0,0,1,0,0,0.0,1.0,1,0,0,1,1.0,1,1,39.568883838872836,1.0,,,,,,,
Lightweight,models/7b50efe10ce32606/BF16,FP32,Medium,1,1,1,0,0,0,complete,992,2384199680,supplier-selection,"{""vendor"": ""TAMBORA"", ""landed_cost"": 1365, ""eligible_vendors"": 7, ""delivery_days"": 4}",2.2437152080237865,,2.2437152080237865,2.2437152080237865,2.2437152080237865,17.82757448759778,,17.82757448759778,17.82757448759778,17.82757448759778,1.4945650100708008,,1.4945650100708008,1.4945650100708008,1.4945650100708008,40,,40,40,40,0.0,,0.0,0.0,0.0,0.0,,0.0,0.0,0.0,1.0,,1.0,1.0,1.0,3393455180,,3393455180,3393455180,3393455180,3393455180,,3393455180,3393455180,3393455180,4354875092,,4354875092,4354875092,4354875092,961419912,,961419912,961419912,961419912,1108113780,,1108113780,1108113780,1108113780,2981986304,,2981986304,2981986304,2981986304,,,,,,,,,,,,,,,,,,,,,,,,,,,,,,,,,,,,1,1,1,1,1,1,0,0,0,0,0,0,0,1,0,0,0.0,1.0,,,,1,1.0,1,1,17.82757448759778,1.0,0,0,0,0,,,
Lightweight,models/7b50efe10ce32606/BF16,FP32,Long,1,1,1,0,0,0,complete,4065,2384199680,shipment-reconciliation,"{""destination"": ""Surabaya"", ""available_units"": 215, ""shortfall_units"": 205, ""action"": ""REORDER""}",20.740411667036824,,20.740411667036824,20.740411667036824,20.740411667036824,2.0250321292682676,,2.0250321292682676,2.0250321292682676,2.0250321292682676,19.634174823760986,,19.634174823760986,19.634174823760986,19.634174823760986,42,,42,42,42,0.25,,0.25,0.25,0.25,0.3333333333333333,,0.3333333333333333,0.3333333333333333,0.3333333333333333,1.0,,1.0,1.0,1.0,3393455180,,3393455180,3393455180,3393455180,3393455180,,3393455180,3393455180,3393455180,4359922136,,4359922136,4359922136,4359922136,966466956,,966466956,966466956,966466956,1108090588,,1108090588,1108090588,1108090588,2953199616,,2953199616,2953199616,2953199616,,,,,,,,,,,,,,,,,,,,,,,,,,,,,,,,,,,,1,1,1,1,1,1,0,0,0,0,0,0,0,1,0,0,0.0,1.0,,0,,1,1.0,1,1,2.0250321292682676,1.0,,,,,0,0,1
Lightweight,models/7b50efe10ce32606/BF16,BF16,Short,1,1,1,0,0,0,complete,256,1192099840,stock-availability,"{""item"": ""MONITOR"", ""available_units"": 68, ""fulfillable"": true}",0.40555662498809397,,0.40555662498809397,0.40555662498809397,0.40555662498809397,61.64367306472661,,61.64367306472661,61.64367306472661,61.64367306472661,0.1403520107269287,,0.1403520107269287,0.1403520107269287,0.1403520107269287,25,,25,25,25,0.3333333333333333,,0.3333333333333333,0.3333333333333333,0.3333333333333333,0.0,,0.0,0.0,0.0,1.0,,1.0,1.0,1.0,1729758284,,1729758284,1729758284,1729758284,1729758284,,1729758284,1729758284,1729758284,2108297816,,2108297816,2108297816,2108297816,378539532,,378539532,378539532,378539532,514515072,,514515072,514515072,514515072,2136047616,,2136047616,2136047616,2136047616,,,,,,,,,,,,,,,,,,,,,,,,,,,,,,,,,,,,1,1,1,1,1,1,0,0,0,0,0,0,0,1,0,0,0.0,1.0,1,0,0,1,1.0,1,1,61.64367306472661,1.5578825350683079,,,,,,,
Lightweight,models/7b50efe10ce32606/BF16,BF16,Medium,1,1,1,0,0,0,complete,992,1192099840,supplier-selection,"{""vendor"": ""TAMBORA"", ""landed_cost"": 1365, ""eligible_vendors"": 7, ""delivery_days"": 4}",0.8465444169705734,,0.8465444169705734,0.8465444169705734,0.8465444169705734,47.25091701997538,,47.25091701997538,47.25091701997538,47.25091701997538,0.3976142406463623,,0.3976142406463623,0.3976142406463623,0.3976142406463623,40,,40,40,40,0.0,,0.0,0.0,0.0,0.0,,0.0,0.0,0.0,1.0,,1.0,1.0,1.0,1729758284,,1729758284,1729758284,1729758284,1729758284,,1729758284,1729758284,1729758284,2228887244,,2228887244,2228887244,2228887244,499128960,,499128960,499128960,499128960,513404236,,513404236,513404236,513404236,1910784000,,1910784000,1910784000,1910784000,,,,,,,,,,,,,,,,,,,,,,,,,,,,,,,,,,,,1,1,1,1,1,1,0,0,0,0,0,0,0,1,0,0,0.0,1.0,,,,1,1.0,1,1,47.25091701997538,2.650440027769718,0,0,0,0,,,
Lightweight,models/7b50efe10ce32606/BF16,BF16,Long,1,1,1,0,0,0,complete,4065,1192099840,shipment-reconciliation,"{""destination"": ""Surabaya"", ""available_units"": 215, ""shortfall_units"": 205, ""action"": ""REORDER""}",3.3115498749539256,,3.3115498749539256,3.3115498749539256,3.3115498749539256,12.68288311695271,,12.68288311695271,12.68288311695271,12.68288311695271,2.6363320350646973,,2.6363320350646973,2.6363320350646973,2.6363320350646973,42,,42,42,42,0.25,,0.25,0.25,0.25,0.3333333333333333,,0.3333333333333333,0.3333333333333333,0.3333333333333333,1.0,,1.0,1.0,1.0,1729758284,,1729758284,1729758284,1729758284,1729758284,,1729758284,1729758284,1729758284,2249858824,,2249858824,2249858824,2249858824,520100540,,520100540,520100540,520100540,514851280,,514851280,514851280,514851280,1890385920,,1890385920,1890385920,1890385920,,,,,,,,,,,,,,,,,,,,,,,,,,,,,,,,,,,,1,1,1,1,1,1,0,0,0,0,0,0,0,1,0,0,0.0,1.0,,0,,1,1.0,1,1,12.68288311695271,6.263052785012151,,,,,0,0,1
Lightweight,models/7b50efe10ce32606/BF16,FP8,Short,1,1,1,0,0,0,complete,256,614739968,stock-availability,"{""item"": ""MONITOR"", ""available_units"": 68, ""fulfillable"": true}",0.30920854199212044,,0.30920854199212044,0.30920854199212044,0.30920854199212044,80.85158268569785,,80.85158268569785,80.85158268569785,80.85158268569785,0.1413707733154297,,0.1413707733154297,0.1413707733154297,0.1413707733154297,25,,25,25,25,0.3333333333333333,,0.3333333333333333,0.3333333333333333,0.3333333333333333,0.0,,0.0,0.0,0.0,1.0,,1.0,1.0,1.0,1152402508,,1152402508,1152402508,1152402508,1152402508,,1152402508,1152402508,1152402508,1549082212,,1549082212,1549082212,1549082212,396679704,,396679704,396679704,396679704,366107004,,366107004,366107004,366107004,1842675712,,1842675712,1842675712,1842675712,,,,,,,,,,,,,,,,,,,,,,,,,,,,,,,,,,,,1,1,1,1,1,1,0,0,0,0,0,0,0,1,0,0,0.0,1.0,1,0,0,1,1.0,1,1,80.85158268569785,2.043312189823977,,,,,,,
Lightweight,models/7b50efe10ce32606/BF16,FP8,Medium,1,1,1,0,0,0,complete,992,614739968,supplier-selection,"{""vendor"": ""TAMBORA"", ""landed_cost"": 1365, ""eligible_vendors"": 7, ""delivery_days"": 4}",0.9659390830202028,,0.9659390830202028,0.9659390830202028,0.9659390830202028,63.15098029709206,,63.15098029709206,63.15098029709206,63.15098029709206,0.4744298458099365,,0.4744298458099365,0.4744298458099365,0.4744298458099365,61,,61,61,61,0.0,,0.0,0.0,0.0,0.0,,0.0,0.0,0.0,0.8018018018018018,,0.8018018018018018,0.8018018018018018,0.8018018018018018,1152402508,,1152402508,1152402508,1152402508,1152402508,,1152402508,1152402508,1152402508,1706057436,,1706057436,1706057436,1706057436,553654928,,553654928,553654928,553654928,366498176,,366498176,366498176,366498176,1762263040,,1762263040,1762263040,1762263040,,,,,,,,,,,,,,,,,,,,,,,,,,,,,,,,,,,,1,1,1,1,1,1,0,0,0,0,0,0,0,1,0,0,0.0,0.0,,,,1,1.0,0,0,63.15098029709206,2.322833031052393,0,0,0,0,,,
Lightweight,models/7b50efe10ce32606/BF16,FP8,Long,1,1,1,0,0,0,complete,4065,614739968,shipment-reconciliation,"{""destination"": ""Surabaya"", ""available_units"": 215, ""shortfall_units"": 205, ""action"": ""REORDER""}",3.434971082955599,,3.434971082955599,3.434971082955599,3.434971082955599,10.77156083892374,,10.77156083892374,10.77156083892374,10.77156083892374,2.959794044494629,,2.959794044494629,2.959794044494629,2.959794044494629,37,,37,37,37,0.0,,0.0,0.0,0.0,0.0,,0.0,0.0,0.0,0.8761904761904762,,0.8761904761904762,0.8761904761904762,0.8761904761904762,1152402508,,1152402508,1152402508,1152402508,1152402508,,1152402508,1152402508,1152402508,1706866416,,1706866416,1706866416,1706866416,554463908,,554463908,554463908,554463908,366495564,,366495564,366495564,366495564,1395113984,,1395113984,1395113984,1395113984,,,,,,,,,,,,,,,,,,,,,,,,,,,,,,,,,,,,1,1,1,1,1,1,0,0,0,0,0,0,0,1,0,0,0.0,1.0,,0,,1,1.0,0,0,10.77156083892374,6.038016380967862,,,,,0,0,0
Lightweight,models/7b50efe10ce32606/BF16,INT4,Short,1,1,1,0,0,0,complete,256,335372288,stock-availability,"{""item"": ""MONITOR"", ""available_units"": 68, ""fulfillable"": true}",0.2968092910014093,,0.2968092910014093,0.2968092910014093,0.2968092910014093,84.22916922732482,,84.22916922732482,84.22916922732482,84.22916922732482,0.1372230052947998,,0.1372230052947998,0.1372230052947998,0.1372230052947998,25,,25,25,25,0.3333333333333333,,0.3333333333333333,0.3333333333333333,0.3333333333333333,0.0,,0.0,0.0,0.0,1.0,,1.0,1.0,1.0,873038924,,873038924,873038924,873038924,873038924,,873038924,873038924,873038924,1288279200,,1288279200,1288279200,1288279200,415240276,,415240276,415240276,415240276,411888708,,411888708,411888708,411888708,1585430528,,1585430528,1585430528,1585430528,,,,,,,,,,,,,,,,,,,,,,,,,,,,,,,,,,,,1,1,1,1,1,1,0,0,0,0,0,0,0,1,0,0,0.0,1.0,1,0,0,1,1.0,1,1,84.22916922732482,2.1286718516072294,,,,,,,
Lightweight,models/7b50efe10ce32606/BF16,INT4,Medium,1,1,1,0,0,0,complete,992,335372288,supplier-selection,"{""vendor"": ""TAMBORA"", ""landed_cost"": 1365, ""eligible_vendors"": 7, ""delivery_days"": 4}",0.7497124581132084,,0.7497124581132084,0.7497124581132084,0.7497124581132084,54.68763331368958,,54.68763331368958,54.68763331368958,54.68763331368958,0.46208715438842773,,0.46208715438842773,0.46208715438842773,0.46208715438842773,41,,41,41,41,0.0,,0.0,0.0,0.0,0.0,,0.0,0.0,0.0,0.9191919191919192,,0.9191919191919192,0.9191919191919192,0.9191919191919192,873038924,,873038924,873038924,873038924,873038924,,873038924,873038924,873038924,1502359992,,1502359992,1502359992,1502359992,629321068,,629321068,629321068,629321068,414484252,,414484252,414484252,414484252,1468743680,,1468743680,1468743680,1468743680,,,,,,,,,,,,,,,,,,,,,,,,,,,,,,,,,,,,1,1,1,1,1,1,0,0,0,0,0,0,0,1,0,0,0.0,1.0,,,,1,1.0,0,0,54.68763331368958,2.992767672115941,0,0,0,0,,,
Lightweight,models/7b50efe10ce32606/BF16,INT4,Long,1,1,1,0,0,0,complete,4065,335372288,shipment-reconciliation,"{""destination"": ""Surabaya"", ""available_units"": 215, ""shortfall_units"": 205, ""action"": ""REORDER""}",3.3463264160091057,,3.3463264160091057,3.3463264160091057,3.3463264160091057,12.55107684625997,,12.55107684625997,12.55107684625997,12.55107684625997,2.864593982696533,,2.864593982696533,2.864593982696533,2.864593982696533,42,,42,42,42,0.25,,0.25,0.25,0.25,0.3333333333333333,,0.3333333333333333,0.3333333333333333,0.3333333333333333,0.935064935064935,,0.935064935064935,0.935064935064935,0.935064935064935,873038924,,873038924,873038924,873038924,873038924,,873038924,873038924,873038924,1502492088,,1502492088,1502492088,1502492088,629453164,,629453164,629453164,629453164,414483488,,414483488,414483488,414483488,1065156608,,1065156608,1065156608,1065156608,,,,,,,,,,,,,,,,,,,,,,,,,,,,,,,,,,,,1,1,1,1,1,1,0,0,0,0,0,0,0,1,0,0,0.0,1.0,,0,,1,1.0,0,0,12.55107684625997,6.19796430133443,,,,,0,0,1
Lightweight,models/7b50efe10ce32606/BF16,FP8_A8,Short,1,1,1,0,0,0,complete,256,614739968,stock-availability,"{""item"": ""MONITOR"", ""available_units"": 68, ""fulfillable"": true}",0.6726168339373544,,0.6726168339373544,0.6726168339373544,0.6726168339373544,37.16826391878326,,37.16826391878326,37.16826391878326,37.16826391878326,0.5004880428314209,,0.5004880428314209,0.5004880428314209,0.5004880428314209,25,,25,25,25,0.3333333333333333,,0.3333333333333333,0.3333333333333333,0.3333333333333333,0.0,,0.0,0.0,0.0,0.9866666666666667,,0.9866666666666667,0.9866666666666667,0.9866666666666667,1152402508,,1152402508,1152402508,1152402508,1152402508,,1152402508,1152402508,1152402508,1557681804,,1557681804,1557681804,1557681804,405279296,,405279296,405279296,405279296,491669552,,491669552,491669552,491669552,1817231360,,1817231360,1817231360,1817231360,,,,,,,,,,,,,,,,,,,,,,,,,,,,,,,,,,,,1,1,1,1,1,1,0,0,0,0,0,0,0,1,0,0,0.0,1.0,1,0,0,1,1.0,0,0,37.16826391878326,0.9393306131690481,,,,,,,
Lightweight,models/7b50efe10ce32606/BF16,FP8_A8,Medium,1,1,1,0,0,0,complete,992,614739968,supplier-selection,"{""vendor"": ""TAMBORA"", ""landed_cost"": 1365, ""eligible_vendors"": 7, ""delivery_days"": 4}",1.8182264580391347,,1.8182264580391347,1.8182264580391347,1.8182264580391347,52.79870369037042,,52.79870369037042,52.79870369037042,52.79870369037042,1.0130679607391357,,1.0130679607391357,1.0130679607391357,1.0130679607391357,96,,96,96,96,0.0,,0.0,0.0,0.0,0.0,,0.0,0.0,0.0,0.6641509433962264,,0.6641509433962264,0.6641509433962264,0.6641509433962264,1152402508,,1152402508,1152402508,1152402508,1152402508,,1152402508,1152402508,1152402508,1715494624,,1715494624,1715494624,1715494624,563092116,,563092116,563092116,563092116,491669072,,491669072,491669072,491669072,1557725184,,1557725184,1557725184,1557725184,,,,,,,,,,,,,,,,,,,,,,,,,,,,,,,,,,,,1,1,1,1,1,1,0,0,0,0,0,0,0,1,0,0,0.0,0.0,,,,1,1.0,0,0,52.79870369037042,1.2340130670211014,0,0,0,0,,,
Lightweight,models/7b50efe10ce32606/BF16,FP8_A8,Long,1,1,1,0,0,0,complete,4065,614739968,shipment-reconciliation,"{""destination"": ""Surabaya"", ""available_units"": 215, ""shortfall_units"": 205, ""action"": ""REORDER""}",5.691700500086881,,5.691700500086881,5.691700500086881,5.691700500086881,7.730554339485776,,7.730554339485776,7.730554339485776,7.730554339485776,5.116683006286621,,5.116683006286621,5.116683006286621,5.116683006286621,44,,44,44,44,0.0,,0.0,0.0,0.0,0.0,,0.0,0.0,0.0,0.7706422018348624,,0.7706422018348624,0.7706422018348624,0.7706422018348624,1152402508,,1152402508,1152402508,1152402508,1152402508,,1152402508,1152402508,1152402508,1715494908,,1715494908,1715494908,1715494908,563092400,,563092400,563092400,563092400,491671028,,491671028,491671028,491671028,1304313856,,1304313856,1304313856,1304313856,,,,,,,,,,,,,,,,,,,,,,,,,,,,,,,,,,,,1,1,1,1,1,1,0,0,0,0,0,0,0,1,0,0,0.0,0.0,,0,,1,1.0,0,0,7.730554339485776,3.6439745321666575,,,,,0,0,0
Medium,models/7ec86880db931fb2/BF16,FP32,Short,1,1,1,0,0,0,complete,256,6882299904,stock-availability,"{""item"": ""MONITOR"", ""available_units"": 68, ""fulfillable"": true}",5.112859082990326,,5.112859082990326,5.112859082990326,5.112859082990326,4.302876266077922,,4.302876266077922,4.302876266077922,4.302876266077922,2.593047857284546,,2.593047857284546,2.593047857284546,2.593047857284546,22,,22,22,22,0.3333333333333333,,0.3333333333333333,0.3333333333333333,0.3333333333333333,0.0,,0.0,0.0,0.0,1.0,,1.0,1.0,1.0,7891555404,,7891555404,7891555404,7891555404,7891555404,,7891555404,7891555404,7891555404,8245977368,,8245977368,8245977368,8245977368,354421964,,354421964,354421964,354421964,624191536,,624191536,624191536,624191536,7026638848,,7026638848,7026638848,7026638848,,,,,,,,,,,,,,,,,,,,,,,,,,,,,,,,,,,,1,1,1,1,1,1,0,0,0,0,0,0,0,1,0,0,0.0,1.0,1,0,0,1,1.0,1,1,4.302876266077922,1.0,,,,,,,
Medium,models/7ec86880db931fb2/BF16,FP32,Medium,1,1,1,0,0,0,complete,992,6882299904,supplier-selection,"{""vendor"": ""TAMBORA"", ""landed_cost"": 1365, ""eligible_vendors"": 7, ""delivery_days"": 4}",7.792137874988839,,7.792137874988839,7.792137874988839,7.792137874988839,12.320110544776199,,12.320110544776199,12.320110544776199,12.320110544776199,2.5726101398468018,,2.5726101398468018,2.5726101398468018,2.5726101398468018,96,,96,96,96,0.0,,0.0,0.0,0.0,0.0,,0.0,0.0,0.0,1.0,,1.0,1.0,1.0,7891555404,,7891555404,7891555404,7891555404,7891555404,,7891555404,7891555404,7891555404,8545873432,,8545873432,8545873432,8545873432,654318028,,654318028,654318028,654318028,633751800,,633751800,633751800,633751800,7032242176,,7032242176,7032242176,7032242176,,,,,,,,,,,,,,,,,,,,,,,,,,,,,,,,,,,,1,1,1,1,1,1,0,0,0,0,0,0,0,1,0,0,0.0,0.0,,,,1,1.0,1,0,12.320110544776199,1.0,0,0,0,0,,,
Medium,models/7ec86880db931fb2/BF16,FP32,Long,1,1,1,0,0,0,complete,4065,6882299904,shipment-reconciliation,"{""destination"": ""Surabaya"", ""available_units"": 215, ""shortfall_units"": 205, ""action"": ""REORDER""}",25.248327459092252,,25.248327459092252,25.248327459092252,25.248327459092252,1.4654436045297654,,1.4654436045297654,1.4654436045297654,1.4654436045297654,22.345701932907104,,22.345701932907104,22.345701932907104,22.345701932907104,37,,37,37,37,0.0,,0.0,0.0,0.0,0.0,,0.0,0.0,0.0,1.0,,1.0,1.0,1.0,7891555404,,7891555404,7891555404,7891555404,7891555404,,7891555404,7891555404,7891555404,8550073740,,8550073740,8550073740,8550073740,658518336,,658518336,658518336,658518336,635982716,,635982716,635982716,635982716,7032127488,,7032127488,7032127488,7032127488,,,,,,,,,,,,,,,,,,,,,,,,,,,,,,,,,,,,1,1,1,1,1,1,0,0,0,0,0,0,0,1,0,0,0.0,1.0,,0,,1,1.0,1,1,1.4654436045297654,1.0,,,,,0,0,0
Medium,models/7ec86880db931fb2/BF16,BF16,Short,1,1,1,0,0,0,complete,256,3441149952,stock-availability,"{""item"": ""MONITOR"", ""available_units"": 68, ""fulfillable"": true}",0.8594238749938086,,0.8594238749938086,0.8594238749938086,0.8594238749938086,25.598544141164908,,25.598544141164908,25.598544141164908,25.598544141164908,0.3327140808105469,,0.3327140808105469,0.3327140808105469,0.3327140808105469,22,,22,22,22,0.3333333333333333,,0.3333333333333333,0.3333333333333333,0.3333333333333333,0.0,,0.0,0.0,0.0,1.0,,1.0,1.0,1.0,3978808396,,3978808396,3978808396,3978808396,3978808396,,3978808396,3978808396,3978808396,4286569108,,4286569108,4286569108,4286569108,307760712,,307760712,307760712,307760712,511195144,,511195144,511195144,511195144,3922673664,,3922673664,3922673664,3922673664,,,,,,,,,,,,,,,,,,,,,,,,,,,,,,,,,,,,1,1,1,1,1,1,0,0,0,0,0,0,0,1,0,0,0.0,1.0,1,0,0,1,1.0,1,1,25.598544141164908,5.949170405612899,,,,,,,
Medium,models/7ec86880db931fb2/BF16,BF16,Medium,1,1,1,0,0,0,complete,992,3441149952,supplier-selection,"{""vendor"": ""TAMBORA"", ""landed_cost"": 1365, ""eligible_vendors"": 7, ""delivery_days"": 4}",3.365872250054963,,3.365872250054963,3.365872250054963,3.365872250054963,28.52158158956638,,28.52158158956638,28.52158158956638,28.52158158956638,0.9202806949615479,,0.9202806949615479,0.9202806949615479,0.9202806949615479,96,,96,96,96,0.0,,0.0,0.0,0.0,0.0,,0.0,0.0,0.0,1.0,,1.0,1.0,1.0,3978808396,,3978808396,3978808396,3978808396,3978808396,,3978808396,3978808396,3978808396,4341622536,,4341622536,4341622536,4341622536,362814140,,362814140,362814140,362814140,513148108,,513148108,513148108,513148108,3915497472,,3915497472,3915497472,3915497472,,,,,,,,,,,,,,,,,,,,,,,,,,,,,,,,,,,,1,1,1,1,1,1,0,0,0,0,0,0,0,1,0,0,0.0,0.0,,,,1,1.0,1,0,28.52158158956638,2.3150426683192142,0,0,0,0,,,
Medium,models/7ec86880db931fb2/BF16,BF16,Long,1,1,1,0,0,0,complete,4065,3441149952,shipment-reconciliation,"{""destination"": ""Surabaya"", ""available_units"": 215, ""shortfall_units"": 205, ""action"": ""REORDER""}",5.835081042023376,,5.835081042023376,5.835081042023376,5.835081042023376,6.3409573463558715,,6.3409573463558715,6.3409573463558715,6.3409573463558715,4.712796926498413,,4.712796926498413,4.712796926498413,4.712796926498413,37,,37,37,37,0.0,,0.0,0.0,0.0,0.0,,0.0,0.0,0.0,1.0,,1.0,1.0,1.0,3978808396,,3978808396,3978808396,3978808396,3978808396,,3978808396,3978808396,3978808396,4341622536,,4341622536,4341622536,4341622536,362814140,,362814140,362814140,362814140,512277472,,512277472,512277472,512277472,3875307520,,3875307520,3875307520,3875307520,,,,,,,,,,,,,,,,,,,,,,,,,,,,,,,,,,,,1,1,1,1,1,1,0,0,0,0,0,0,0,1,0,0,0.0,1.0,,0,,1,1.0,1,1,6.3409573463558715,4.326988310403506,,,,,0,0,0
Medium,models/7ec86880db931fb2/BF16,FP8,Short,1,1,1,0,0,0,complete,256,1774462976,stock-availability,"{""item"": ""MONITOR"", ""available_units"": 68, ""fulfillable"": true}",0.6696298340102658,,0.6696298340102658,0.6696298340102658,0.6696298340102658,32.85397227337803,,32.85397227337803,32.85397227337803,32.85397227337803,0.35828089714050293,,0.35828089714050293,0.35828089714050293,0.35828089714050293,22,,22,22,22,0.6666666666666666,,0.6666666666666666,0.6666666666666666,0.6666666666666666,0.5,,0.5,0.5,0.5,0.9133858267716536,,0.9133858267716536,0.9133858267716536,0.9133858267716536,2312129612,,2312129612,2312129612,2312129612,2312129612,,2312129612,2312129612,2312129612,2676513448,,2676513448,2676513448,2676513448,364383836,,364383836,364383836,364383836,602005732,,602005732,602005732,602005732,2521432064,,2521432064,2521432064,2521432064,,,,,,,,,,,,,,,,,,,,,,,,,,,,,,,,,,,,1,1,1,1,1,1,0,0,0,0,0,0,0,1,0,0,0.0,1.0,1,0,1,1,1.0,0,0,32.85397227337803,7.635351388647871,,,,,,,
Medium,models/7ec86880db931fb2/BF16,FP8,Medium,1,1,1,0,0,0,complete,992,1774462976,supplier-selection,"{""vendor"": ""TAMBORA"", ""landed_cost"": 1365, ""eligible_vendors"": 7, ""delivery_days"": 4}",1.8630532079841942,,1.8630532079841942,1.8630532079841942,1.8630532079841942,22.54363955898157,,22.54363955898157,22.54363955898157,22.54363955898157,1.2381477355957031,,1.2381477355957031,1.2381477355957031,1.2381477355957031,42,,42,42,42,0.0,,0.0,0.0,0.0,0.0,,0.0,0.0,0.0,0.6293706293706294,,0.6293706293706294,0.6293706293706294,0.6293706293706294,2312129612,,2312129612,2312129612,2312129612,2312129612,,2312129612,2312129612,2312129612,2757814024,,2757814024,2757814024,2757814024,445684412,,445684412,445684412,445684412,598566372,,598566372,598566372,598566372,2212069376,,2212069376,2212069376,2212069376,,,,,,,,,,,,,,,,,,,,,,,,,,,,,,,,,,,,1,1,1,1,1,1,0,0,0,0,0,0,0,1,0,0,0.0,1.0,,,,1,1.0,0,0,22.54363955898157,4.182455896372309,0,0,0,0,,,
Medium,models/7ec86880db931fb2/BF16,FP8,Long,1,1,1,0,0,0,complete,4065,1774462976,shipment-reconciliation,"{""destination"": ""Surabaya"", ""available_units"": 215, ""shortfall_units"": 205, ""action"": ""REORDER""}",6.921058584004641,,6.921058584004641,6.921058584004641,6.921058584004641,5.490489574502715,,5.490489574502715,5.490489574502715,5.490489574502715,6.162530899047852,,6.162530899047852,6.162530899047852,6.162530899047852,38,,38,38,38,0.0,,0.0,0.0,0.0,0.0,,0.0,0.0,0.0,0.9849246231155779,,0.9849246231155779,0.9849246231155779,0.9849246231155779,2312129612,,2312129612,2312129612,2312129612,2312129612,,2312129612,2312129612,2312129612,2757814024,,2757814024,2757814024,2757814024,445684412,,445684412,445684412,445684412,601917992,,601917992,601917992,601917992,2119368704,,2119368704,2119368704,2119368704,,,,,,,,,,,,,,,,,,,,,,,,,,,,,,,,,,,,1,1,1,1,1,1,0,0,0,0,0,0,0,1,0,0,0.0,1.0,,0,,1,1.0,0,0,5.490489574502715,3.6480441759941216,,,,,0,0,0
Medium,models/7ec86880db931fb2/BF16,INT4,Short,1,1,1,0,0,0,complete,256,968001536,stock-availability,"{""item"": ""MONITOR"", ""available_units"": 68, ""fulfillable"": true}",0.5749072920298204,,0.5749072920298204,0.5749072920298204,0.5749072920298204,38.26703940791007,,38.26703940791007,38.26703940791007,38.26703940791007,0.35691213607788086,,0.35691213607788086,0.35691213607788086,0.35691213607788086,22,,22,22,22,0.6666666666666666,,0.6666666666666666,0.6666666666666666,0.6666666666666666,0.5,,0.5,0.5,0.5,0.9133858267716536,,0.9133858267716536,0.9133858267716536,0.9133858267716536,1505676364,,1505676364,1505676364,1505676364,1505676364,,1505676364,1505676364,1505676364,1943985792,,1943985792,1943985792,1943985792,438309428,,438309428,438309428,438309428,682099356,,682099356,682099356,682099356,1943814144,,1943814144,1943814144,1943814144,,,,,,,,,,,,,,,,,,,,,,,,,,,,,,,,,,,,1,1,1,1,1,1,0,0,0,0,0,0,0,1,0,0,0.0,1.0,1,0,1,1,1.0,0,0,38.26703940791007,8.893362727994624,,,,,,,
Medium,models/7ec86880db931fb2/BF16,INT4,Medium,1,1,1,0,0,0,complete,992,968001536,supplier-selection,"{""vendor"": ""TAMBORA"", ""landed_cost"": 1365, ""eligible_vendors"": 7, ""delivery_days"": 4}",1.910009125014767,,1.910009125014767,1.910009125014767,1.910009125014767,36.64903956909567,,36.64903956909567,36.64903956909567,36.64903956909567,1.1672790050506592,,1.1672790050506592,1.1672790050506592,1.1672790050506592,70,,70,70,70,0.0,,0.0,0.0,0.0,0.0,,0.0,0.0,0.0,0.8099688473520249,,0.8099688473520249,0.8099688473520249,0.8099688473520249,1505676364,,1505676364,1505676364,1505676364,1505676364,,1505676364,1505676364,1505676364,2084567404,,2084567404,2084567404,2084567404,578891040,,578891040,578891040,578891040,686362120,,686362120,686362120,686362120,1646772224,,1646772224,1646772224,1646772224,,,,,,,,,,,,,,,,,,,,,,,,,,,,,,,,,,,,1,1,1,1,1,1,0,0,0,0,0,0,0,1,0,0,0.0,0.0,,,,1,1.0,0,0,36.64903956909567,4.079633847261643,0,0,0,0,,,
Medium,models/7ec86880db931fb2/BF16,INT4,Long,1,1,1,0,0,0,complete,4065,968001536,shipment-reconciliation,"{""destination"": ""Surabaya"", ""available_units"": 215, ""shortfall_units"": 205, ""action"": ""REORDER""}",6.455074875033461,,6.455074875033461,6.455074875033461,6.455074875033461,5.886841087928206,,5.886841087928206,5.886841087928206,5.886841087928206,5.835947036743164,,5.835947036743164,5.835947036743164,5.835947036743164,38,,38,38,38,0.0,,0.0,0.0,0.0,0.0,,0.0,0.0,0.0,0.9849246231155779,,0.9849246231155779,0.9849246231155779,0.9849246231155779,1505676364,,1505676364,1505676364,1505676364,1505676364,,1505676364,1505676364,1505676364,2086141592,,2086141592,2086141592,2086141592,580465228,,580465228,580465228,580465228,686368992,,686368992,686368992,686368992,1630797824,,1630797824,1630797824,1630797824,,,,,,,,,,,,,,,,,,,,,,,,,,,,,,,,,,,,1,1,1,1,1,1,0,0,0,0,0,0,0,1,0,0,0.0,1.0,,0,,1,1.0,0,0,5.886841087928206,3.911391881253953,,,,,0,0,0
Medium,models/7ec86880db931fb2/BF16,FP8_A8,Short,1,1,1,0,0,0,complete,256,1774462976,stock-availability,"{""item"": ""MONITOR"", ""available_units"": 68, ""fulfillable"": true}",1.1972316250903532,,1.1972316250903532,1.1972316250903532,1.1972316250903532,18.37572574842374,,18.37572574842374,18.37572574842374,18.37572574842374,0.8801510334014893,,0.8801510334014893,0.8801510334014893,0.8801510334014893,22,,22,22,22,0.6666666666666666,,0.6666666666666666,0.6666666666666666,0.6666666666666666,0.5,,0.5,0.5,0.5,0.9133858267716536,,0.9133858267716536,0.9133858267716536,0.9133858267716536,2312129612,,2312129612,2312129612,2312129612,2312129612,,2312129612,2312129612,2312129612,2706922132,,2706922132,2706922132,2706922132,394792520,,394792520,394792520,394792520,574925220,,574925220,574925220,574925220,2650046464,,2650046464,2650046464,2650046464,,,,,,,,,,,,,,,,,,,,,,,,,,,,,,,,,,,,1,1,1,1,1,1,0,0,0,0,0,0,0,1,0,0,0.0,1.0,1,0,1,1,1.0,0,0,18.37572574842374,4.2705680136076145,,,,,,,
Medium,models/7ec86880db931fb2/BF16,FP8_A8,Medium,1,1,1,0,0,0,complete,992,1774462976,supplier-selection,"{""vendor"": ""TAMBORA"", ""landed_cost"": 1365, ""eligible_vendors"": 7, ""delivery_days"": 4}",4.588382499990985,,4.588382499990985,4.588382499990985,4.588382499990985,8.717669026084593,,8.717669026084593,8.717669026084593,8.717669026084593,3.902985095977783,,3.902985095977783,3.902985095977783,3.902985095977783,40,,40,40,40,0.0,,0.0,0.0,0.0,0.0,,0.0,0.0,0.0,0.6526315789473685,,0.6526315789473685,0.6526315789473685,0.6526315789473685,2312129612,,2312129612,2312129612,2312129612,2312129612,,2312129612,2312129612,2312129612,2803951432,,2803951432,2803951432,2803951432,491821820,,491821820,491821820,491821820,571172344,,571172344,571172344,571172344,2362785792,,2362785792,2362785792,2362785792,,,,,,,,,,,,,,,,,,,,,,,,,,,,,,,,,,,,1,1,1,1,1,1,0,0,0,0,0,0,0,1,0,0,0.0,1.0,,,,1,1.0,0,0,8.717669026084593,1.6982319749942707,0,0,0,0,,,
Medium,models/7ec86880db931fb2/BF16,FP8_A8,Long,1,1,1,0,0,0,complete,4065,1774462976,shipment-reconciliation,"{""destination"": ""Surabaya"", ""available_units"": 215, ""shortfall_units"": 205, ""action"": ""REORDER""}",18.000202791998163,,18.000202791998163,18.000202791998163,18.000202791998163,2.1666422567937467,,2.1666422567937467,2.1666422567937467,2.1666422567937467,17.120436906814575,,17.120436906814575,17.120436906814575,17.120436906814575,39,,39,39,39,0.25,,0.25,0.25,0.25,0.0,,0.0,0.0,0.0,0.9411764705882353,,0.9411764705882353,0.9411764705882353,0.9411764705882353,2312129612,,2312129612,2312129612,2312129612,2312129612,,2312129612,2312129612,2312129612,2803952136,,2803952136,2803952136,2803952136,491822524,,491822524,491822524,491822524,574655028,,574655028,574655028,574655028,2359984128,,2359984128,2359984128,2359984128,,,,,,,,,,,,,,,,,,,,,,,,,,,,,,,,,,,,1,1,1,1,1,1,0,0,0,0,0,0,0,1,0,0,0.0,1.0,,0,,1,1.0,0,0,2.1666422567937467,1.4026690560573118,,,,,1,0,0
Complex,models/e15b00bc84c6b5ee/BF16,FP32,Short,1,0,0,0,0,1,skipped,256,,stock-availability,"{""item"": ""MONITOR"", ""available_units"": 68, ""fulfillable"": true}",,,,,,,,,,,,,,,,,,,,,,,,,,,,,,,,,,,,,,,,,,,,,,,,,,,,,,,,,,,,,,,,,,,,,,,,,,,,,,,,,,,,,,,,,,,,,,,,,,,,,0,0,0,0,0,0,0,0,0,0,0,0,0,0,0,0,,,,,,0,,,,,,,,,,,,
Complex,models/e15b00bc84c6b5ee/BF16,FP32,Medium,1,0,0,0,0,1,skipped,992,,supplier-selection,"{""vendor"": ""TAMBORA"", ""landed_cost"": 1365, ""eligible_vendors"": 7, ""delivery_days"": 4}",,,,,,,,,,,,,,,,,,,,,,,,,,,,,,,,,,,,,,,,,,,,,,,,,,,,,,,,,,,,,,,,,,,,,,,,,,,,,,,,,,,,,,,,,,,,,,,,,,,,,0,0,0,0,0,0,0,0,0,0,0,0,0,0,0,0,,,,,,0,,,,,,,,,,,,
Complex,models/e15b00bc84c6b5ee/BF16,FP32,Long,1,0,0,0,0,1,skipped,4065,,shipment-reconciliation,"{""destination"": ""Surabaya"", ""available_units"": 215, ""shortfall_units"": 205, ""action"": ""REORDER""}",,,,,,,,,,,,,,,,,,,,,,,,,,,,,,,,,,,,,,,,,,,,,,,,,,,,,,,,,,,,,,,,,,,,,,,,,,,,,,,,,,,,,,,,,,,,,,,,,,,,,0,0,0,0,0,0,0,0,0,0,0,0,0,0,0,0,,,,,,0,,,,,,,,,,,,
Complex,models/e15b00bc84c6b5ee/BF16,BF16,Short,1,1,1,0,0,0,complete,256,8044936192,stock-availability,"{""item"": ""MONITOR"", ""available_units"": 68, ""fulfillable"": true}",23.364380249986425,,23.364380249986425,23.364380249986425,23.364380249986425,2.354010652605774,,2.354010652605774,2.354010652605774,2.354010652605774,6.4234230518341064,,6.4234230518341064,6.4234230518341064,6.4234230518341064,55,,55,55,55,0.0,,0.0,0.0,0.0,0.0,,0.0,0.0,0.0,,,,,,8717336652,,8717336652,8717336652,8717336652,8717336652,,8717336652,8717336652,8717336652,8914996784,,8914996784,8914996784,8914996784,197660132,,197660132,197660132,197660132,482736528,,482736528,482736528,482736528,8080375808,,8080375808,8080375808,8080375808,,,,,,,,,,,,,,,,,,,,,,,,,,,,,,,,,,,,1,1,1,1,1,1,0,0,0,0,0,0,0,1,0,0,0.0,0.0,0,0,0,1,1.0,,,2.354010652605774,,,,,,,,
Complex,models/e15b00bc84c6b5ee/BF16,BF16,Medium,1,1,1,0,0,0,complete,992,8044936192,supplier-selection,"{""vendor"": ""TAMBORA"", ""landed_cost"": 1365, ""eligible_vendors"": 7, ""delivery_days"": 4}",9.340615166933276,,9.340615166933276,9.340615166933276,9.340615166933276,4.389432523153737,,4.389432523153737,4.389432523153737,4.389432523153737,4.027606964111328,,4.027606964111328,4.027606964111328,4.027606964111328,41,,41,41,41,0.5,,0.5,0.5,0.5,0.3333333333333333,,0.3333333333333333,0.3333333333333333,0.3333333333333333,,,,,,8717336652,,8717336652,8717336652,8717336652,8717336652,,8717336652,8717336652,8717336652,9038733204,,9038733204,9038733204,9038733204,321396552,,321396552,321396552,321396552,482674500,,482674500,482674500,482674500,8112406528,,8112406528,8112406528,8112406528,,,,,,,,,,,,,,,,,,,,,,,,,,,,,,,,,,,,1,1,1,1,1,1,0,0,0,0,0,0,0,1,0,0,0.0,1.0,,,,1,1.0,,,4.389432523153737,,1,0,0,1,,,
Complex,models/e15b00bc84c6b5ee/BF16,BF16,Long,1,1,1,0,0,0,complete,4065,8044936192,shipment-reconciliation,"{""destination"": ""Surabaya"", ""available_units"": 215, ""shortfall_units"": 205, ""action"": ""REORDER""}",33.15869829105213,,33.15869829105213,33.15869829105213,33.15869829105213,1.2063199721803914,,1.2063199721803914,1.2063199721803914,1.2063199721803914,18.704018115997314,,18.704018115997314,18.704018115997314,18.704018115997314,40,,40,40,40,0.5,,0.5,0.5,0.5,0.3333333333333333,,0.3333333333333333,0.3333333333333333,0.3333333333333333,,,,,,8717336652,,8717336652,8717336652,8717336652,8717336652,,8717336652,8717336652,8717336652,9038733972,,9038733972,9038733972,9038733972,321397320,,321397320,321397320,321397320,485330128,,485330128,485330128,485330128,8081326080,,8081326080,8081326080,8081326080,,,,,,,,,,,,,,,,,,,,,,,,,,,,,,,,,,,,1,1,1,1,1,1,0,0,0,0,0,0,0,1,0,0,0.0,1.0,,0,,1,1.0,,,1.2063199721803914,,,,,,1,0,1
Complex,models/e15b00bc84c6b5ee/BF16,FP8,Short,1,1,1,0,0,0,complete,256,4148360192,stock-availability,"{""item"": ""MONITOR"", ""available_units"": 68, ""fulfillable"": true}",2.5092075830325484,,2.5092075830325484,2.5092075830325484,2.5092075830325484,21.919270598381004,,21.919270598381004,21.919270598381004,21.919270598381004,0.8531248569488525,,0.8531248569488525,0.8531248569488525,0.8531248569488525,55,,55,55,55,0.0,,0.0,0.0,0.0,0.0,,0.0,0.0,0.0,,,,,,4821647436,,4821647436,4821647436,4821647436,4821647436,,4821647436,4821647436,4821647436,5170302792,,5170302792,5170302792,5170302792,348655356,,348655356,348655356,348655356,510891504,,510891504,510891504,510891504,4635656192,,4635656192,4635656192,4635656192,,,,,,,,,,,,,,,,,,,,,,,,,,,,,,,,,,,,1,1,1,1,1,1,0,0,0,0,0,0,0,1,0,0,0.0,0.0,0,0,0,1,1.0,,,21.919270598381004,,,,,,,,
Complex,models/e15b00bc84c6b5ee/BF16,FP8,Medium,1,1,1,0,0,0,complete,992,4148360192,supplier-selection,"{""vendor"": ""TAMBORA"", ""landed_cost"": 1365, ""eligible_vendors"": 7, ""delivery_days"": 4}",4.815186624997295,,4.815186624997295,4.815186624997295,4.815186624997295,10.591489795066591,,10.591489795066591,10.591489795066591,10.591489795066591,3.1320838928222656,,3.1320838928222656,3.1320838928222656,3.1320838928222656,51,,51,51,51,0.0,,0.0,0.0,0.0,0.0,,0.0,0.0,0.0,,,,,,4821647436,,4821647436,4821647436,4821647436,4821647436,,4821647436,4821647436,4821647436,5328904052,,5328904052,5328904052,5328904052,507256616,,507256616,507256616,507256616,510824388,,510824388,510824388,510824388,4625924096,,4625924096,4625924096,4625924096,,,,,,,,,,,,,,,,,,,,,,,,,,,,,,,,,,,,1,1,1,1,1,1,0,0,0,0,0,0,0,1,0,0,0.0,0.0,,,,1,1.0,,,10.591489795066591,,0,0,0,0,,,
Complex,models/e15b00bc84c6b5ee/BF16,FP8,Long,1,1,1,0,0,0,complete,4065,4148360192,shipment-reconciliation,"{""destination"": ""Surabaya"", ""available_units"": 215, ""shortfall_units"": 205, ""action"": ""REORDER""}",17.911183124990202,,17.911183124990202,17.911183124990202,17.911183124990202,2.289072682350928,,2.289072682350928,2.289072682350928,2.289072682350928,16.004053115844727,,16.004053115844727,16.004053115844727,16.004053115844727,41,,41,41,41,0.75,,0.75,0.75,0.75,0.6666666666666666,,0.6666666666666666,0.6666666666666666,0.6666666666666666,,,,,,4821647436,,4821647436,4821647436,4821647436,4821647436,,4821647436,4821647436,4821647436,5331903096,,5331903096,5331903096,5331903096,510255660,,510255660,510255660,510255660,508833088,,508833088,508833088,508833088,4616732672,,4616732672,4616732672,4616732672,,,,,,,,,,,,,,,,,,,,,,,,,,,,,,,,,,,,1,1,1,1,1,1,0,0,0,0,0,0,0,1,0,0,0.0,1.0,,1,,1,1.0,,,2.289072682350928,,,,,,1,0,1
Complex,models/e15b00bc84c6b5ee/BF16,INT4,Short,1,1,1,0,0,0,complete,256,2262920192,stock-availability,"{""item"": ""MONITOR"", ""available_units"": 68, ""fulfillable"": true}",1.885237667011097,,1.885237667011097,1.885237667011097,1.885237667011097,29.174040473739513,,29.174040473739513,29.174040473739513,29.174040473739513,0.8227639198303223,,0.8227639198303223,0.8227639198303223,0.8227639198303223,55,,55,55,55,0.0,,0.0,0.0,0.0,0.0,,0.0,0.0,0.0,,,,,,2937094220,,2937094220,2937094220,2937094220,2937094220,,2937094220,2937094220,2937094220,3377927792,,3377927792,3377927792,3377927792,440833572,,440833572,440833572,440833572,851169424,,851169424,851169424,851169424,2764161024,,2764161024,2764161024,2764161024,,,,,,,,,,,,,,,,,,,,,,,,,,,,,,,,,,,,1,1,1,1,1,1,0,0,0,0,0,0,0,1,0,0,0.0,0.0,0,0,0,1,1.0,,,29.174040473739513,,,,,,,,
Complex,models/e15b00bc84c6b5ee/BF16,INT4,Medium,1,1,1,0,0,0,complete,992,2262920192,supplier-selection,"{""vendor"": ""TAMBORA"", ""landed_cost"": 1365, ""eligible_vendors"": 7, ""delivery_days"": 4}",3.8678568749455735,,3.8678568749455735,3.8678568749455735,3.8678568749455735,10.341644298966688,,10.341644298966688,10.341644298966688,10.341644298966688,2.9781739711761475,,2.9781739711761475,2.9781739711761475,2.9781739711761475,40,,40,40,40,0.0,,0.0,0.0,0.0,0.0,,0.0,0.0,0.0,,,,,,2937094220,,2937094220,2937094220,2937094220,2937094220,,2937094220,2937094220,2937094220,3588268036,,3588268036,3588268036,3588268036,651173816,,651173816,651173816,651173816,851022868,,851022868,851022868,851022868,2751102976,,2751102976,2751102976,2751102976,,,,,,,,,,,,,,,,,,,,,,,,,,,,,,,,,,,,1,1,1,1,1,1,0,0,0,0,0,0,0,1,0,0,0.0,1.0,,,,1,1.0,,,10.341644298966688,,0,0,0,0,,,
Complex,models/e15b00bc84c6b5ee/BF16,INT4,Long,1,1,1,0,0,0,complete,4065,2262920192,shipment-reconciliation,"{""destination"": ""Surabaya"", ""available_units"": 215, ""shortfall_units"": 205, ""action"": ""REORDER""}",16.031380125088617,,16.031380125088617,16.031380125088617,16.031380125088617,2.370351130314175,,2.370351130314175,2.370351130314175,2.370351130314175,14.747770071029663,,14.747770071029663,14.747770071029663,14.747770071029663,38,,38,38,38,0.25,,0.25,0.25,0.25,0.0,,0.0,0.0,0.0,,,,,,2937094220,,2937094220,2937094220,2937094220,2937094220,,2937094220,2937094220,2937094220,3588268936,,3588268936,3588268936,3588268936,651174716,,651174716,651174716,651174716,851020040,,851020040,851020040,851020040,2748743680,,2748743680,2748743680,2748743680,,,,,,,,,,,,,,,,,,,,,,,,,,,,,,,,,,,,1,1,1,1,1,1,0,0,0,0,0,0,0,1,0,0,0.0,1.0,,0,,1,1.0,,,2.370351130314175,,,,,,1,0,0
Complex,models/e15b00bc84c6b5ee/BF16,FP8_A8,Short,1,1,1,0,0,0,complete,256,4148360192,stock-availability,"{""item"": ""MONITOR"", ""available_units"": 68, ""fulfillable"": true}",3.7912677919957787,,3.7912677919957787,3.7912677919957787,3.7912677919957787,14.507020610920021,,14.507020610920021,14.507020610920021,14.507020610920021,2.161212921142578,,2.161212921142578,2.161212921142578,2.161212921142578,55,,55,55,55,0.0,,0.0,0.0,0.0,0.0,,0.0,0.0,0.0,,,,,,4821647436,,4821647436,4821647436,4821647436,4821647436,,4821647436,4821647436,4821647436,5199138652,,5199138652,5199138652,5199138652,377491216,,377491216,377491216,377491216,503051760,,503051760,503051760,503051760,4423041024,,4423041024,4423041024,4423041024,,,,,,,,,,,,,,,,,,,,,,,,,,,,,,,,,,,,1,1,1,1,1,1,0,0,0,0,0,0,0,1,0,0,0.0,0.0,0,0,0,1,1.0,,,14.507020610920021,,,,,,,,
Complex,models/e15b00bc84c6b5ee/BF16,FP8_A8,Medium,1,1,1,0,0,0,complete,992,4148360192,supplier-selection,"{""vendor"": ""TAMBORA"", ""landed_cost"": 1365, ""eligible_vendors"": 7, ""delivery_days"": 4}",9.834385124966502,,9.834385124966502,9.834385124966502,9.834385124966502,4.169045596548127,,4.169045596548127,4.169045596548127,4.169045596548127,8.468461036682129,,8.468461036682129,8.468461036682129,8.468461036682129,41,,41,41,41,0.5,,0.5,0.5,0.5,0.3333333333333333,,0.3333333333333333,0.3333333333333333,0.3333333333333333,,,,,,4821647436,,4821647436,4821647436,4821647436,4821647436,,4821647436,4821647436,4821647436,5363769328,,5363769328,5363769328,5363769328,542121892,,542121892,542121892,542121892,511521072,,511521072,511521072,511521072,4407394304,,4407394304,4407394304,4407394304,,,,,,,,,,,,,,,,,,,,,,,,,,,,,,,,,,,,1,1,1,1,1,1,0,0,0,0,0,0,0,1,0,0,0.0,1.0,,,,1,1.0,,,4.169045596548127,,1,0,0,1,,,
Complex,models/e15b00bc84c6b5ee/BF16,FP8_A8,Long,1,1,1,0,0,0,complete,4065,4148360192,shipment-reconciliation,"{""destination"": ""Surabaya"", ""available_units"": 215, ""shortfall_units"": 205, ""action"": ""REORDER""}",42.8205470420653,,42.8205470420653,42.8205470420653,42.8205470420653,0.9341309899825777,,0.9341309899825777,0.9341309899825777,0.9341309899825777,40.93788814544678,,40.93788814544678,40.93788814544678,40.93788814544678,40,,40,40,40,0.5,,0.5,0.5,0.5,0.3333333333333333,,0.3333333333333333,0.3333333333333333,0.3333333333333333,,,,,,4821647436,,4821647436,4821647436,4821647436,4821647436,,4821647436,4821647436,4821647436,5363769864,,5363769864,5363769864,5363769864,542122428,,542122428,542122428,542122428,511496860,,511496860,511496860,511496860,4395155456,,4395155456,4395155456,4395155456,,,,,,,,,,,,,,,,,,,,,,,,,,,,,,,,,,,,1,1,1,1,1,1,0,0,0,0,0,0,0,1,0,0,0.0,1.0,,0,,1,1.0,,,0.9341309899825777,,,,,,1,0,1
